"dteday","mnth","holiday","weekday","workingday","weathersit","temp","hum","windspeed","cnt"
"1/1/2011",1,0,6,0,"cloudy",14.110847,80.5833,10.749882,985
"1/2/2011",1,0,0,0,"cloudy",14.902598,69.6087,16.652113,801
"1/3/2011",1,0,1,1,"clear",8.050924,43.7273,16.636703,1349
"1/4/2011",1,0,2,1,"clear",8.2,59.0435,10.739832,1562
"1/5/2011",1,0,3,1,"clear",9.305237,43.6957,12.5223,1600
"1/6/2011",1,0,4,1,"clear",8.378268,51.8261,6.0008684,1606
"1/7/2011",1,0,5,1,"cloudy",8.057402,49.8696,11.304642,1510
"1/8/2011",1,0,6,0,"cloudy",6.765,53.5833,17.875868,959
"1/9/2011",1,0,0,0,"clear",5.671653,43.4167,24.25065,822
"1/10/2011",1,0,1,1,"clear",6.184153,48.2917,14.958889,1321
"1/11/2011",1,0,2,1,"cloudy",6.932731,68.6364,8.182844,1263
"1/12/2011",1,0,3,1,"clear",7.081807,59.9545,20.410009,1162
"1/13/2011",1,0,4,1,"clear",6.765,47.0417,20.167,1406
"1/14/2011",1,0,5,1,"clear",6.59567,53.7826,8.478716,1421
"1/15/2011",1,0,6,0,"cloudy",9.566653,49.875,10.583521,1248
"1/16/2011",1,0,0,0,"clear",9.498347,48.375,12.625011,1204
"1/17/2011",1,1,1,0,"cloudy",7.209153,53.75,12.999139,1000
"1/18/2011",1,0,2,1,"cloudy",8.883347,86.1667,9.833925,683
"1/19/2011",1,0,3,1,"cloudy",11.979134,74.1739,13.957239,1650
"1/20/2011",1,0,4,1,"cloudy",10.728347,53.8333,13.125568,1927
"1/21/2011",1,0,5,1,"clear",7.2775,45.7083,23.667214,1543
"1/22/2011",1,0,6,0,"clear",2.4243464,40,11.52199,981
"1/23/2011",1,0,0,0,"clear",3.9573897,43.6522,16.5222,986
"1/24/2011",1,0,1,1,"clear",3.9930433,49.1739,10.60811,1416
"1/25/2011",1,0,2,1,"cloudy",9.162598,61.6957,8.696332,1985
"1/26/2011",1,0,3,1,"wet",8.9175,86.25,19.68795,506
"1/27/2011",1,0,4,1,"clear",7.995,68.75,7.627079,431
"1/28/2011",1,0,5,1,"cloudy",8.342598,79.3043,8.2611,1167
"1/29/2011",1,0,6,0,"clear",8.057402,65.1739,9.739455,1098
"1/30/2011",1,0,0,0,"clear",8.877402,72.2174,4.9568342,1096
"1/31/2011",1,0,1,1,"cloudy",7.414153,60.375,12.541864,1501
"2/1/2011",2,0,2,1,"cloudy",7.879134,82.9565,3.565271,1360
"2/2/2011",2,0,3,1,"cloudy",10.66,77.5417,17.708636,1526
"2/3/2011",2,0,4,1,"clear",7.665237,43.7826,18.609384,1550
"2/4/2011",2,0,5,1,"cloudy",8.663464,58.5217,8.565213,1708
"2/5/2011",2,0,6,0,"cloudy",9.566653,92.9167,10.792293,1005
"2/6/2011",2,0,0,0,"clear",11.719153,56.8333,9.5006,1623
"2/7/2011",2,0,1,1,"clear",11.138347,73.8333,3.0423561,1712
"2/8/2011",2,0,2,1,"clear",9.054153,53.7917,24.25065,1530
"2/9/2011",2,0,3,1,"cloudy",5.526103,49.4783,12.652213,1605
"2/10/2011",2,0,4,1,"clear",5.918268,43.7391,14.869645,1538
"2/11/2011",2,0,5,1,"clear",7.752731,50.6364,7.27285,1746
"2/12/2011",2,0,6,0,"clear",9.1225,54.4167,13.625589,1472
"2/13/2011",2,0,0,0,"clear",12.977402,45.7391,17.479161,1589
"2/14/2011",2,0,1,1,"clear",17.015,37.5833,27.999836,1913
"2/15/2011",2,0,2,1,"clear",10.909567,31.4348,19.522058,1815
"2/16/2011",2,0,3,1,"clear",13.048701,42.3478,16.869997,2115
"2/17/2011",2,0,4,1,"clear",17.869153,50.5,15.416968,2475
"2/18/2011",2,0,5,1,"clear",21.388347,51.6667,17.749975,2927
"2/19/2011",2,0,6,0,"clear",16.365847,18.7917,34.000021,1635
"2/20/2011",2,0,0,0,"clear",11.693897,40.7826,14.956745,1812
"2/21/2011",2,1,1,0,"cloudy",12.436653,60.5,20.625682,1107
"2/22/2011",2,0,2,1,"clear",7.471102,57.7778,13.110761,1450
"2/23/2011",2,0,3,1,"clear",9.091299,42.3043,6.305571,1917
"2/24/2011",2,0,4,1,"cloudy",12.121732,69.7391,16.783232,1807
"2/25/2011",2,0,5,1,"cloudy",14.938268,71.2174,23.218113,1461
"2/26/2011",2,0,6,0,"clear",11.5825,53.7917,12.500257,1969
"2/27/2011",2,0,0,0,"clear",14.082598,68,8.391616,2402
"2/28/2011",2,0,1,1,"cloudy",16.698193,87.6364,19.408962,1446
"3/1/2011",3,0,2,1,"clear",10.933347,53.5,14.500475,1851
"3/2/2011",3,0,3,1,"clear",13.735,44.9583,20.624811,2134
"3/3/2011",3,0,4,1,"clear",8.131653,31.8333,15.125518,1685
"3/4/2011",3,0,5,1,"cloudy",10.728347,61.0417,13.624182,1944
"3/5/2011",3,0,6,0,"cloudy",15.750847,78.9167,16.875357,2077
"3/6/2011",3,0,0,0,"cloudy",15.437402,94.8261,23.000229,605
"3/7/2011",3,0,1,1,"clear",10.731299,55.1304,22.870584,1872
"3/8/2011",3,0,2,1,"clear",11.9925,42.0833,8.08355,2133
"3/9/2011",3,0,3,1,"cloudy",12.129153,77.5417,14.75005,1891
"3/10/2011",3,0,4,1,"wet",15.952731,0,17.545759,623
"3/11/2011",3,0,5,1,"cloudy",12.977402,64.9565,15.60899,1977
"3/12/2011",3,0,6,0,"clear",13.495847,59.4583,14.791925,2132
"3/13/2011",3,0,0,0,"clear",15.758268,52.7391,18.130468,2417
"3/14/2011",3,0,1,1,"clear",13.333897,49.6957,9.174042,2046
"3/15/2011",3,0,2,1,"cloudy",13.013031,65.5652,12.348703,2056
"3/16/2011",3,0,3,1,"cloudy",14.973897,77.6522,13.608839,2192
"3/17/2011",3,0,4,1,"clear",17.015,60.2917,14.041793,2744
"3/18/2011",3,0,5,1,"clear",22.14,52.5217,15.478139,3239
"3/19/2011",3,0,6,0,"clear",19.3725,37.9167,24.667189,3117
"3/20/2011",3,0,0,0,"clear",13.6325,47.375,13.917307,2471
"3/21/2011",3,0,1,1,"cloudy",17.647835,73.7391,19.348461,2077
"3/22/2011",3,0,2,1,"clear",18.108347,62.4583,15.12525,2703
"3/23/2011",3,0,3,1,"cloudy",14.225237,83.9565,15.695487,2121
"3/24/2011",3,0,4,1,"cloudy",11.685,80.5833,16.333729,1865
"3/25/2011",3,0,5,1,"clear",10.830847,49.5,15.458575,2210
"3/26/2011",3,0,6,0,"clear",10.899153,39.4167,14.041257,2496
"3/27/2011",3,0,0,0,"cloudy",10.374763,49.3913,12.3481,1693
"3/28/2011",3,0,1,1,"clear",10.838268,30.2174,14.217668,2028
"3/29/2011",3,0,2,1,"clear",12.4025,31.4167,15.208732,2425
"3/30/2011",3,0,3,1,"cloudy",12.3,64.6667,11.583496,1536
"3/31/2011",3,0,4,1,"wet",11.001653,91.8333,14.582282,1685
"4/1/2011",4,0,5,1,"cloudy",12.3,68.625,17.333436,2227
"4/2/2011",4,0,6,0,"cloudy",12.915,65.375,13.208782,2252
"4/3/2011",4,0,0,0,"clear",15.511653,48,12.208271,3249
"4/4/2011",4,0,1,1,"clear",23.506653,42.625,25.833257,3115
"4/5/2011",4,0,2,1,"cloudy",16.980847,64.2083,26.000489,1795
"4/6/2011",4,0,3,1,"clear",16.024153,47.0833,17.625221,2808
"4/7/2011",4,0,4,1,"clear",17.9375,60.2917,10.874904,3141
"4/8/2011",4,0,5,1,"cloudy",13.769153,83.625,15.208464,1471
"4/9/2011",4,0,6,0,"cloudy",14.0425,87.75,8.916561,2455
"4/10/2011",4,0,0,0,"cloudy",17.493347,85.75,9.833389,2895
"4/11/2011",4,0,1,1,"cloudy",24.421732,71.6956,21.739758,3348
"4/12/2011",4,0,2,1,"cloudy",20.6025,73.9167,18.416893,2034
"4/13/2011",4,0,3,1,"cloudy",16.9125,81.9167,16.791339,2162
"4/14/2011",4,0,4,1,"clear",19.1675,54.0417,7.4169,3267
"4/15/2011",4,1,5,0,"clear",18.313347,67.125,15.167125,3126
"4/16/2011",4,0,6,0,"wet",17.664153,88.8333,22.834136,795
"4/17/2011",4,0,0,0,"clear",18.723347,47.9583,20.334232,3744
"4/18/2011",4,0,1,1,"clear",21.0125,54.25,10.958989,3429
"4/19/2011",4,0,2,1,"cloudy",20.739153,66.5833,10.584057,3204
"4/20/2011",4,0,3,1,"clear",24.395,61.4167,16.208975,3944
"4/21/2011",4,0,4,1,"clear",18.825847,40.7083,21.792286,4189
"4/22/2011",4,0,5,1,"cloudy",13.803347,72.9583,14.707907,1683
"4/23/2011",4,0,6,0,"cloudy",18.86,88.7917,15.458575,4036
"4/24/2011",4,0,0,0,"cloudy",23.848347,81.0833,12.875725,4191
"4/25/2011",4,0,1,1,"clear",24.873347,77.6667,12.417311,4073
"4/26/2011",4,0,2,1,"clear",25.898347,72.9167,21.8755,4400
"4/27/2011",4,0,3,1,"cloudy",25.42,83.5417,20.9174,3872
"4/28/2011",4,0,4,1,"cloudy",25.3175,70.0833,21.500836,4058
"4/29/2011",4,0,5,1,"clear",20.91,45.7083,16.084221,4595
"4/30/2011",4,0,6,0,"clear",19.3725,50.3333,15.750025,5312
"5/1/2011",5,0,0,0,"cloudy",18.518347,76.2083,7.125718,3351
"5/2/2011",5,0,1,1,"cloudy",22.515847,73,12.291418,4401
"5/3/2011",5,0,2,1,"cloudy",25.283347,69.7083,22.958689,4451
"5/4/2011",5,0,3,1,"cloudy",16.980847,73.7083,22.042732,2633
"5/5/2011",5,0,4,1,"clear",18.825847,44.4167,19.791264,4433
"5/6/2011",5,0,5,1,"clear",19.645847,59,15.292482,4608
"5/7/2011",5,0,6,0,"clear",21.32,54.125,10.75015,4714
"5/8/2011",5,0,0,0,"clear",21.661653,63.1667,5.0007125,4333
"5/9/2011",5,0,1,1,"clear",21.8325,58.875,11.792,4362
"5/10/2011",5,0,2,1,"clear",21.8325,48.9167,7.749957,4803
"5/11/2011",5,0,3,1,"clear",22.2425,63.2917,8.083014,4182
"5/12/2011",5,0,4,1,"clear",21.935,74.75,12.707689,4864
"5/13/2011",5,0,5,1,"cloudy",21.0125,86.3333,12.041575,4105
"5/14/2011",5,0,6,0,"cloudy",21.354153,92.25,9.04165,3409
"5/15/2011",5,0,0,0,"cloudy",23.0625,86.7083,10.249593,4553
"5/16/2011",5,0,1,1,"clear",23.6775,78.7917,8.500357,3958
"5/17/2011",5,0,2,1,"cloudy",23.028347,83.7917,18.582718,4123
"5/18/2011",5,0,3,1,"cloudy",22.55,87,13.499964,3855
"5/19/2011",5,0,4,1,"cloudy",21.764153,82.9583,7.250271,4575
"5/20/2011",5,0,5,1,"clear",22.003347,71.9583,8.375871,4917
"5/21/2011",5,0,6,0,"clear",24.7025,62.6667,8.08355,5805
"5/22/2011",5,0,0,0,"clear",24.770847,74.9583,9.916536,4660
"5/23/2011",5,0,1,1,"cloudy",25.898347,81,15.667414,4274
"5/24/2011",5,0,2,1,"cloudy",27.06,74.0833,13.875164,4492
"5/25/2011",5,0,3,1,"clear",27.094153,69.625,10.333611,4978
"5/26/2011",5,0,4,1,"clear",29.041653,67.75,13.376014,4677
"5/27/2011",5,0,5,1,"clear",27.948347,65.375,16.125493,4679
"5/28/2011",5,0,6,0,"clear",26.889153,72.9583,15.416164,4758
"5/29/2011",5,0,0,0,"clear",27.3675,81.875,14.333846,4788
"5/30/2011",5,1,1,0,"clear",30.066653,68.5,8.792075,4098
"5/31/2011",5,0,2,1,"clear",31.775,63.6667,7.459043,3982
"6/1/2011",6,0,3,1,"cloudy",31.330847,67.7083,13.875164,3974
"6/2/2011",6,0,4,1,"clear",29.315,30.5,19.583229,4968
"6/3/2011",6,0,5,1,"clear",25.42,35.4167,16.959107,5312
"6/4/2011",6,0,6,0,"clear",26.035,45.625,8.250514,5342
"6/5/2011",6,0,0,0,"cloudy",26.581653,65.25,9.292364,4906
"6/6/2011",6,0,1,1,"clear",27.811653,60,8.167032,4548
"6/7/2011",6,0,2,1,"clear",29.0075,59.7917,12.583136,4833
"6/8/2011",6,0,3,1,"clear",31.809153,62.2083,9.166739,4401
"6/9/2011",6,0,4,1,"cloudy",33.141653,56.8333,10.042161,3915
"6/10/2011",6,0,5,1,"clear",30.955,60.5,9.417118,4586
"6/11/2011",6,0,6,0,"clear",29.725,65.4583,10.37495,4966
"6/12/2011",6,0,0,0,"clear",28.3925,74.7917,10.958989,4460
"6/13/2011",6,0,1,1,"clear",26.035,49.4583,20.45845,5020
"6/14/2011",6,0,2,1,"clear",24.770847,50.7083,18.041961,4891
"6/15/2011",6,0,3,1,"clear",25.693347,47.1667,11.250104,5180
"6/16/2011",6,0,4,1,"cloudy",25.761653,68.8333,13.833557,3767
"6/17/2011",6,0,5,1,"clear",26.615847,73.5833,9.582943,4844
"6/18/2011",6,0,6,0,"clear",28.563347,67.0417,8.000336,5119
"6/19/2011",6,0,0,0,"cloudy",28.665847,66.6667,6.834,4744
"6/20/2011",6,0,1,1,"cloudy",26.035,74.625,10.416825,4010
"6/21/2011",6,0,2,1,"cloudy",27.914153,77.0417,11.458675,4835
"6/22/2011",6,0,3,1,"clear",30.066653,70.75,11.541554,4507
"6/23/2011",6,0,4,1,"cloudy",29.861653,70.3333,15.999868,4790
"6/24/2011",6,0,5,1,"clear",29.690847,57.3333,14.875675,4991
"6/25/2011",6,0,6,0,"clear",28.495,48.3333,14.041257,5202
"6/26/2011",6,0,0,0,"clear",27.88,51.3333,6.3337311,5305
"6/27/2011",6,0,1,1,"cloudy",27.9825,65.8333,7.208396,4708
"6/28/2011",6,0,2,1,"clear",30.510847,63.4167,9.666961,4648
"6/29/2011",6,0,3,1,"clear",29.861653,49.7917,17.542007,5225
"6/30/2011",6,0,4,1,"clear",28.563347,43.4167,12.415904,5515
"7/1/2011",7,0,5,1,"clear",29.6225,39.625,6.874736,5362
"7/2/2011",7,0,6,0,"clear",30.271653,44.4583,7.709154,5119
"7/3/2011",7,0,0,0,"cloudy",29.383347,68.25,15.333486,4649
"7/4/2011",7,1,1,0,"cloudy",29.793347,63.7917,5.4591064,6043
"7/5/2011",7,0,2,1,"clear",30.613347,59.0417,8.459286,4665
"7/6/2011",7,0,3,1,"clear",29.52,74.3333,10.042161,4629
"7/7/2011",7,0,4,1,"clear",30.75,65.125,10.6664,4592
"7/8/2011",7,0,5,1,"cloudy",29.075847,75.7917,15.083643,4040
"7/9/2011",7,0,6,0,"clear",30.066653,60.9167,11.250104,5336
"7/10/2011",7,0,0,0,"clear",30.6475,57.8333,12.292557,4881
"7/11/2011",7,0,1,1,"clear",31.2625,63.5833,18.916579,4086
"7/12/2011",7,0,2,1,"clear",32.560847,55.9167,13.417018,4258
"7/13/2011",7,0,3,1,"clear",30.613347,63.1667,9.790911,4342
"7/14/2011",7,0,4,1,"clear",27.914153,47.625,16.124689,5084
"7/15/2011",7,0,5,1,"clear",27.196653,59.125,12.249811,5538
"7/16/2011",7,0,6,0,"clear",28.153347,58.5,13.958914,5923
"7/17/2011",7,0,0,0,"clear",29.485847,60.4167,16.417211,5302
"7/18/2011",7,0,1,1,"clear",30.613347,65.125,14.458868,4458
"7/19/2011",7,0,2,1,"clear",31.843347,65.0417,8.7502,4541
"7/20/2011",7,0,3,1,"clear",31.501653,70.7083,7.625739,4332
"7/21/2011",7,0,4,1,"cloudy",33.415,69.125,14.875407,3784
"7/22/2011",7,0,5,1,"clear",34.781653,58.0417,8.9177,3387
"7/23/2011",7,0,6,0,"clear",34.815847,50,8.791807,3285
"7/24/2011",7,0,0,0,"clear",34.03,55.0833,11.334457,3606
"7/25/2011",7,0,1,1,"clear",30.476653,75.7083,6.0841561,3840
"7/26/2011",7,0,2,1,"clear",31.638347,54.0833,13.417286,4590
"7/27/2011",7,0,3,1,"clear",31.775,40.2917,12.292021,4656
"7/28/2011",7,0,4,1,"clear",31.945847,58.3333,11.958093,4390
"7/29/2011",7,0,5,1,"clear",34.371653,54.25,11.667246,3846
"7/30/2011",7,0,6,0,"clear",32.970847,46.5833,11.291979,4475
"7/31/2011",7,0,0,0,"clear",33.039153,48.0833,11.042471,4302
"8/1/2011",8,0,1,1,"clear",31.638347,55.0833,10.500039,4266
"8/2/2011",8,0,2,1,"clear",32.116653,49.125,13.79195,4845
"8/3/2011",8,0,3,1,"cloudy",29.998347,65.75,9.084061,3574
"8/4/2011",8,0,4,1,"cloudy",29.11,75.75,13.20905,4576
"8/5/2011",8,0,5,1,"clear",29.144153,63.0833,12.374632,4866
"8/6/2011",8,0,6,0,"cloudy",29.383347,75.5,15.29275,4294
"8/7/2011",8,0,0,0,"clear",30.4425,75.2917,13.499629,3785
"8/8/2011",8,0,1,1,"clear",31.365,59.2083,12.875725,4326
"8/9/2011",8,0,2,1,"clear",31.775,57.0417,10.125107,4602
"8/10/2011",8,0,3,1,"clear",31.433347,42.4167,13.417286,4780
"8/11/2011",8,0,4,1,"clear",29.4175,42.375,11.041332,4792
"8/12/2011",8,0,5,1,"clear",29.041653,41.5,8.416607,4905
"8/13/2011",8,0,6,0,"cloudy",28.119153,72.9583,14.167418,4150
"8/14/2011",8,0,0,0,"cloudy",27.743347,81.75,14.916411,3820
"8/15/2011",8,0,1,1,"clear",27.299153,71.2083,13.999918,4338
"8/16/2011",8,0,2,1,"clear",28.734153,57.8333,15.834043,4725
"8/17/2011",8,0,3,1,"clear",29.656653,57.5417,9.625689,4694
"8/18/2011",8,0,4,1,"clear",29.178347,65.4583,15.624936,3805
"8/19/2011",8,0,5,1,"cloudy",28.085,72.2917,9.333636,4153
"8/20/2011",8,0,6,0,"clear",28.5975,67.4167,6.999289,5191
"8/21/2011",8,0,0,0,"clear",29.144153,77,16.666518,3873
"8/22/2011",8,0,1,1,"clear",28.358347,47,18.54225,4758
"8/23/2011",8,0,2,1,"clear",26.274153,45.5417,9.833121,5895
"8/24/2011",8,0,3,1,"clear",27.606653,60.5,16.958236,5130
"8/25/2011",8,0,4,1,"cloudy",28.050847,77.1667,14.125811,3542
"8/26/2011",8,0,5,1,"clear",28.7,76.125,5.6254875,4661
"8/27/2011",8,0,6,0,"cloudy",27.88,85,25.166339,1115
"8/28/2011",8,0,0,0,"clear",28.989419,56.1765,20.412153,4334
"8/29/2011",8,0,1,1,"clear",26.103347,55.4583,10.708275,4634
"8/30/2011",8,0,2,1,"clear",26.205847,54.8333,8.375536,5204
"8/31/2011",8,0,3,1,"clear",26.923347,59.7917,5.5833311,5058
"9/1/2011",9,0,4,1,"clear",26.855,63.9167,9.500332,5115
"9/2/2011",9,0,5,1,"cloudy",26.376653,72.7083,9.375243,4727
"9/3/2011",9,0,6,0,"clear",27.435847,71.6667,12.416775,4484
"9/4/2011",9,0,0,0,"clear",29.075847,74.2083,13.833289,4940
"9/5/2011",9,1,1,0,"cloudy",27.606653,79.0417,14.250632,3351
"9/6/2011",9,0,2,1,"wet",22.14,88.6957,23.044181,2710
"9/7/2011",9,0,3,1,"wet",24.565847,91.7083,6.5003936,1996
"9/8/2011",9,0,4,1,"wet",25.990433,93.9565,12.914116,1842
"9/9/2011",9,0,5,1,"cloudy",26.65,89.7917,8.333393,3544
"9/10/2011",9,0,6,0,"clear",27.06,75.375,10.291736,5345
"9/11/2011",9,0,0,0,"clear",26.786653,71.375,7.708618,5046
"9/12/2011",9,0,1,1,"clear",26.418268,69.2174,5.957171,4713
"9/13/2011",9,0,2,1,"clear",26.684153,71.25,9.500868,4763
"9/14/2011",9,0,3,1,"clear",27.606653,69.7083,11.2091,4785
"9/15/2011",9,0,4,1,"cloudy",23.6775,70.9167,18.166782,3659
"9/16/2011",9,0,5,1,"cloudy",19.235847,59.0417,11.000261,4760
"9/17/2011",9,0,6,0,"cloudy",20.158347,71.8333,12.708225,4511
"9/18/2011",9,0,0,0,"clear",20.8075,69.5,11.958361,4274
"9/19/2011",9,0,1,1,"cloudy",22.515847,69,10.166714,4539
"9/20/2011",9,0,2,1,"cloudy",23.028347,88.125,9.041918,3641
"9/21/2011",9,0,3,1,"cloudy",24.395,90,6.4590814,4352
"9/22/2011",9,0,4,1,"cloudy",25.761653,90.2083,8.584375,4795
"9/23/2011",9,0,5,1,"cloudy",24.975847,97.25,5.2505689,2395
"9/24/2011",9,0,6,0,"cloudy",24.873347,86.25,5.2516811,5423
"9/25/2011",9,0,0,0,"cloudy",26.000847,84.5,3.3754064,5010
"9/26/2011",9,0,1,1,"cloudy",26.615847,84.8333,7.4169,4630
"9/27/2011",9,0,2,1,"cloudy",26.103347,88.5417,7.917457,4120
"9/28/2011",9,0,3,1,"cloudy",26.035,84.875,9.958143,3907
"9/29/2011",9,0,4,1,"clear",25.283347,69.9167,11.583161,4839
"9/30/2011",9,0,5,1,"clear",23.130847,64.75,13.833825,5202
"10/1/2011",10,0,6,0,"cloudy",16.81,75.375,19.583832,2429
"10/2/2011",10,0,0,0,"cloudy",14.623347,79.1667,14.874871,2918
"10/3/2011",10,0,1,1,"cloudy",15.750847,76.0833,5.5841686,3570
"10/4/2011",10,0,2,1,"clear",19.850847,71,13.792218,4456
"10/5/2011",10,0,3,1,"clear",22.071653,64.7917,11.87575,4826
"10/6/2011",10,0,4,1,"clear",20.260847,62.0833,9.041918,4765
"10/7/2011",10,0,5,1,"clear",20.944153,68.4167,1.5002439,4985
"10/8/2011",10,0,6,0,"clear",21.388347,70.125,3.0420814,5409
"10/9/2011",10,0,0,0,"clear",22.174153,72.75,4.25115,5511
"10/10/2011",10,1,1,0,"clear",23.404153,73.375,2.8343814,5117
"10/11/2011",10,0,2,1,"cloudy",23.233347,80.875,9.583814,4563
"10/12/2011",10,0,3,1,"wet",22.276653,90.625,16.62605,2416
"10/13/2011",10,0,4,1,"cloudy",24.155847,89.6667,9.499729,2913
"10/14/2011",10,0,5,1,"cloudy",22.584153,71.625,15.000161,3644
"10/15/2011",10,0,6,0,"clear",20.773347,48.3333,17.291561,5217
"10/16/2011",10,0,0,0,"clear",20.978347,48.6667,18.875039,5041
"10/17/2011",10,0,1,1,"clear",21.900847,57.9583,11.750393,4570
"10/18/2011",10,0,2,1,"cloudy",21.8325,70.1667,7.375829,4748
"10/19/2011",10,0,3,1,"wet",22.211299,89.5217,16.303713,2424
"10/20/2011",10,0,4,1,"clear",19.509153,63.625,28.292425,4195
"10/21/2011",10,0,5,1,"clear",17.5275,57.4167,14.833532,4304
"10/22/2011",10,0,6,0,"clear",17.3225,62.9167,6.2086689,4308
"10/23/2011",10,0,0,0,"clear",17.288347,74.125,6.6673375,4381
"10/24/2011",10,0,1,1,"clear",18.996653,77.2083,7.959064,4187
"10/25/2011",10,0,2,1,"clear",19.338347,62.2917,11.166086,4687
"10/26/2011",10,0,3,1,"cloudy",19.850847,72.0417,9.959014,3894
"10/27/2011",10,0,4,1,"cloudy",19.27,81.2917,13.250121,2659
"10/28/2011",10,0,5,1,"cloudy",13.564153,58.5833,15.375093,3747
"10/29/2011",10,0,6,0,"wet",10.420847,88.25,23.541857,627
"10/30/2011",10,0,0,0,"clear",13.085847,62.375,11.833339,3331
"10/31/2011",10,0,1,1,"clear",13.94,70.3333,7.12545,3669
"11/1/2011",11,0,2,1,"clear",16.434153,68.375,9.083257,4068
"11/2/2011",11,0,3,1,"clear",15.4775,71.875,5.5001439,4186
"11/3/2011",11,0,4,1,"clear",16.741653,70.2083,9.166739,3974
"11/4/2011",11,0,5,1,"cloudy",16.536653,62.25,18.209193,4046
"11/5/2011",11,0,6,0,"clear",13.393347,51.9167,12.667154,3926
"11/6/2011",11,0,0,0,"clear",14.281653,73.4583,6.1676314,3649
"11/7/2011",11,0,1,1,"clear",16.195,75.875,3.834075,4035
"11/8/2011",11,0,2,1,"clear",16.741653,72.1667,4.6255125,4205
"11/9/2011",11,0,3,1,"clear",16.4,75.8333,4.1671186,4109
"11/10/2011",11,0,4,1,"cloudy",15.58,81.3333,12.667489,2933
"11/11/2011",11,1,5,0,"clear",13.290847,44.625,21.083225,3368
"11/12/2011",11,0,6,0,"clear",14.623347,55.2917,14.208154,4067
"11/13/2011",11,0,0,0,"clear",18.074153,45.8333,18.875307,3717
"11/14/2011",11,0,1,1,"clear",21.73,58.7083,20.541932,4486
"11/15/2011",11,0,2,1,"cloudy",21.73,68.875,13.375411,4195
"11/16/2011",11,0,3,1,"wet",18.723347,93,9.167543,1817
"11/17/2011",11,0,4,1,"cloudy",14.008347,57.5833,20.459254,3053
"11/18/2011",11,0,5,1,"clear",11.240847,41,11.291711,3392
"11/19/2011",11,0,6,0,"clear",13.495847,50.2083,15.041232,3663
"11/20/2011",11,0,0,0,"cloudy",18.996653,68.4583,12.45865,3520
"11/21/2011",11,0,1,1,"wet",18.3475,91,9.249618,2765
"11/22/2011",11,0,2,1,"wet",17.083347,96.25,7.959064,1607
"11/23/2011",11,0,3,1,"cloudy",18.074153,75.7917,22.500275,2566
"11/24/2011",11,1,4,0,"clear",15.306653,54.9167,11.209368,1495
"11/25/2011",11,0,5,1,"clear",15.375,64.375,6.6260186,2792
"11/26/2011",11,0,6,0,"clear",15.409153,68.1667,4.5841936,3068
"11/27/2011",11,0,0,0,"clear",18.825847,69.8333,13.999918,3071
"11/28/2011",11,0,1,1,"clear",20.642598,74.3043,9.522174,3867
"11/29/2011",11,0,2,1,"cloudy",18.791653,83.0833,17.292164,2914
"11/30/2011",11,0,3,1,"clear",13.325,61.3333,18.167586,3613
"12/1/2011",12,0,4,1,"clear",12.8125,52.4583,14.750586,3727
"12/2/2011",12,0,5,1,"clear",12.880847,62.5833,6.750518,3940
"12/3/2011",12,0,6,0,"clear",12.265847,61.2917,6.4174811,3614
"12/4/2011",12,0,0,0,"clear",13.564153,77.5833,5.6252061,3485
"12/5/2011",12,0,1,1,"cloudy",15.819153,82.7083,4.1679561,3811
"12/6/2011",12,0,2,1,"wet",18.9625,94.9583,15.583061,2594
"12/7/2011",12,0,3,1,"wet",16.81,97.0417,17.833725,705
"12/8/2011",12,0,4,1,"clear",10.899153,58,16.083886,3322
"12/9/2011",12,0,5,1,"clear",11.924153,69.5833,5.5420189,3620
"12/10/2011",12,0,6,0,"clear",11.275,50.75,15.625807,3190
"12/11/2011",12,0,0,0,"clear",9.054153,49,4.4582939,2743
"12/12/2011",12,0,1,1,"clear",9.771653,67.0833,4.25115,3310
"12/13/2011",12,0,2,1,"clear",11.5825,59,9.41685,3523
"12/14/2011",12,0,3,1,"cloudy",13.0175,66.375,4.0842061,3740
"12/15/2011",12,0,4,1,"cloudy",17.3225,63.4167,17.958814,3709
"12/16/2011",12,0,5,1,"cloudy",15.375,50.0417,17.458525,3577
"12/17/2011",12,0,6,0,"cloudy",10.591653,56.0833,16.292189,2739
"12/18/2011",12,0,0,0,"clear",9.771653,58.625,11.375193,2431
"12/19/2011",12,0,1,1,"clear",11.343347,63.75,11.584032,3403
"12/20/2011",12,0,2,1,"cloudy",15.819153,59.5417,4.1252436,3750
"12/21/2011",12,0,3,1,"cloudy",17.561653,85.8333,14.8338,2660
"12/22/2011",12,0,4,1,"cloudy",17.356653,75.75,3.167425,3068
"12/23/2011",12,0,5,1,"clear",15.306653,68.625,18.374482,2209
"12/24/2011",12,0,6,0,"clear",12.4025,54.25,12.750368,1011
"12/25/2011",12,0,0,0,"clear",11.266103,68.1304,10.391097,754
"12/26/2011",12,1,1,0,"clear",13.191299,50.6957,16.044155,1317
"12/27/2011",12,0,2,1,"cloudy",13.325,76.25,12.62615,1162
"12/28/2011",12,0,3,1,"clear",12.26433,50.3913,19.695387,2302
"12/29/2011",12,0,4,1,"clear",10.181653,57.4167,8.000604,2423
"12/30/2011",12,0,5,1,"clear",12.778347,63.6667,9.000579,2999
"12/31/2011",12,0,6,0,"clear",16.81,61.5833,14.750318,2485
"1/1/2012",1,0,0,0,"clear",15.17,69.25,12.875189,2294
"1/2/2012",1,1,1,0,"clear",11.194763,38.1304,22.087555,1951
"1/3/2012",1,0,2,1,"clear",6.15,44.125,24.499957,2236
"1/4/2012",1,0,3,1,"cloudy",4.4075,41.4583,12.3749,2368
"1/5/2012",1,0,4,1,"clear",10.899153,52.4167,8.709129,3272
"1/6/2012",1,0,5,1,"clear",13.700847,54.2083,11.249836,4098
"1/7/2012",1,0,6,0,"clear",16.126653,53.1667,11.708786,4521
"1/8/2012",1,0,0,0,"clear",13.8375,46.5,12.833314,3425
"1/9/2012",1,0,1,1,"cloudy",9.190847,70.1667,6.6263,2376
"1/10/2012",1,0,2,1,"clear",12.656536,64.6522,12.565984,3598
"1/11/2012",1,0,3,1,"cloudy",11.240847,84.75,8.791807,2177
"1/12/2012",1,0,4,1,"cloudy",15.6825,80.2917,12.124789,4097
"1/13/2012",1,0,5,1,"clear",11.240847,50.75,25.333236,3214
"1/14/2012",1,0,6,0,"clear",7.38,45.75,12.541261,2493
"1/15/2012",1,0,0,0,"clear",6.833347,41.9167,16.834286,2311
"1/16/2012",1,1,1,0,"clear",7.79,52.25,15.500986,2298
"1/17/2012",1,0,2,1,"cloudy",15.294763,71.6087,23.39171,2935
"1/18/2012",1,0,3,1,"clear",12.436653,44.3333,27.833743,3376
"1/19/2012",1,0,4,1,"clear",7.79,49.75,14.750586,3292
"1/20/2012",1,0,5,1,"cloudy",8.9175,45,13.58425,3163
"1/21/2012",1,0,6,0,"cloudy",7.106653,83.125,14.917014,1301
"1/22/2012",1,0,0,0,"cloudy",6.6625,79.625,13.375746,1977
"1/23/2012",1,0,1,1,"cloudy",8.951653,91.125,7.417436,2432
"1/24/2012",1,0,2,1,"clear",14.0425,83.5833,8.292389,4339
"1/25/2012",1,0,3,1,"clear",12.060847,64.375,10.791757,4270
"1/26/2012",1,0,4,1,"cloudy",14.008347,76.9583,4.9175186,4075
"1/27/2012",1,0,5,1,"cloudy",17.425,74.125,22.958689,3456
"1/28/2012",1,0,6,0,"clear",12.949153,54.3333,14.125543,4023
"1/29/2012",1,0,0,0,"clear",11.5825,31.125,16.08335,3243
"1/30/2012",1,0,1,1,"clear",11.035847,40.0833,14.458064,3624
"1/31/2012",1,0,2,1,"clear",15.99,41.6667,17.541739,4509
"2/1/2012",2,0,3,1,"clear",19.235847,50.7917,12.667489,4579
"2/2/2012",2,0,4,1,"cloudy",16.365847,67.2917,12.541529,3761
"2/3/2012",2,0,5,1,"clear",12.846653,52.6667,11.959232,4151
"2/4/2012",2,0,6,0,"cloudy",10.830847,77.9583,8.167032,2832
"2/5/2012",2,0,0,0,"cloudy",10.899153,68.7917,11.791732,2947
"2/6/2012",2,0,1,1,"clear",11.586969,62.2174,10.3046,3784
"2/7/2012",2,0,2,1,"clear",14.520847,49.625,9.874393,4375
"2/8/2012",2,0,3,1,"cloudy",10.523347,72.2917,8.959307,2802
"2/9/2012",2,0,4,1,"clear",10.865,56.2083,13.000479,3830
"2/10/2012",2,0,5,1,"cloudy",11.514153,54,7.834243,3831
"2/11/2012",2,0,6,0,"wet",9.190847,73.125,19.416332,2169
"2/12/2012",2,0,0,0,"clear",5.2275,46.4583,27.417204,1529
"2/13/2012",2,0,1,1,"clear",9.1225,41.125,11.207961,3422
"2/14/2012",2,0,2,1,"cloudy",13.085847,50.875,9.458993,3922
"2/15/2012",2,0,3,1,"clear",14.281653,53.125,12.1672,4169
"2/16/2012",2,0,4,1,"cloudy",12.983347,75.2917,6.125475,3005
"2/17/2012",2,0,5,1,"clear",14.076653,63.4583,13.791682,4154
"2/18/2012",2,0,6,0,"clear",14.213347,53.4583,12.792243,4318
"2/19/2012",2,0,0,0,"cloudy",11.48,51.5833,16.958504,2689
"2/20/2012",2,1,1,0,"clear",11.48,50.7826,15.348561,3129
"2/21/2012",2,0,2,1,"clear",11.800866,59.4348,13.783039,3777
"2/22/2012",2,0,3,1,"clear",16.229153,56.7917,15.709557,4773
"2/23/2012",2,0,4,1,"clear",18.620847,55.4583,12.791171,5062
"2/24/2012",2,0,5,1,"cloudy",16.7075,73.75,15.916989,3487
"2/25/2012",2,0,6,0,"clear",11.924153,39.5833,28.250014,2732
"2/26/2012",2,0,0,0,"clear",11.445847,41,13.750343,3389
"2/27/2012",2,0,1,1,"clear",15.033347,49.0833,17.958211,4322
"2/28/2012",2,0,2,1,"clear",14.725847,39.5833,12.958939,4363
"2/29/2012",2,0,3,1,"cloudy",14.118268,80.4783,12.000839,1834
"3/1/2012",3,0,4,1,"clear",19.919153,61.5417,15.208129,4990
"3/2/2012",3,0,5,1,"cloudy",14.486653,65.7083,9.708568,3194
"3/3/2012",3,0,6,0,"cloudy",16.980847,62.125,10.792293,4066
"3/4/2012",3,0,0,0,"clear",13.359153,40.3333,22.416257,3423
"3/5/2012",3,0,1,1,"clear",9.976653,50.625,15.333486,3333
"3/6/2012",3,0,2,1,"clear",10.591653,45.6667,13.458625,3956
"3/7/2012",3,0,3,1,"clear",16.570847,51.3333,23.167193,4916
"3/8/2012",3,0,4,1,"clear",21.6275,56.75,29.584721,5382
"3/9/2012",3,0,5,1,"cloudy",16.844153,40.7083,27.7916,4569
"3/10/2012",3,0,6,0,"clear",11.7875,35.0417,15.12525,4118
"3/11/2012",3,0,0,0,"clear",14.831299,47.6957,14.913329,4911
"3/12/2012",3,0,1,1,"clear",19.133347,48.9167,13.916771,5298
"3/13/2012",3,0,2,1,"clear",23.165,61.75,15.87565,5847
"3/14/2012",3,0,3,1,"clear",23.4725,50.7083,7.709154,6312
"3/15/2012",3,0,4,1,"clear",22.8575,57.9583,10.042161,6192
"3/16/2012",3,0,5,1,"cloudy",17.869153,84.2083,7.583864,4378
"3/17/2012",3,0,6,0,"cloudy",21.080847,75.5833,7.417168,7836
"3/18/2012",3,0,0,0,"cloudy",19.3725,81,8.501161,5892
"3/19/2012",3,0,1,1,"clear",22.345,72.875,10.875239,6153
"3/20/2012",3,0,2,1,"clear",22.994153,80.7917,8.125157,6093
"3/21/2012",3,0,3,1,"cloudy",21.798347,82.125,6.0004061,6230
"3/22/2012",3,0,4,1,"clear",22.720847,83.125,7.876654,6871
"3/23/2012",3,0,5,1,"cloudy",24.668347,69.4167,7.7921,8362
"3/24/2012",3,0,6,0,"cloudy",20.6025,88.5417,12.916461,3372
"3/25/2012",3,0,0,0,"cloudy",17.9375,88.0833,14.791925,4996
"3/26/2012",3,0,1,1,"clear",18.279153,47.7917,25.917007,5558
"3/27/2012",3,0,2,1,"clear",13.256653,29,12.541864,5102
"3/28/2012",3,0,3,1,"clear",19.850847,48.125,19.541957,5698
"3/29/2012",3,0,4,1,"clear",20.260847,43.9167,21.41655,6133
"3/30/2012",3,0,5,1,"cloudy",15.17,58.0833,9.250489,5459
"3/31/2012",3,0,6,0,"cloudy",17.390847,73.8333,16.791339,6235
"4/1/2012",4,0,0,0,"cloudy",17.459153,67.625,11.541889,6041
"4/2/2012",4,0,1,1,"clear",17.790433,50.4348,20.913313,5936
"4/3/2012",4,0,2,1,"clear",19.133347,39.6667,6.708911,6772
"4/4/2012",4,0,3,1,"clear",22.208347,46.9583,12.125325,6436
"4/5/2012",4,0,4,1,"clear",17.835,37.4167,14.708443,6457
"4/6/2012",4,0,5,1,"clear",16.536653,37.7083,20.125996,6460
"4/7/2012",4,0,6,0,"clear",17.9375,25.4167,18.416357,6857
"4/8/2012",4,0,0,0,"clear",20.5,27.5833,15.583932,5169
"4/9/2012",4,0,1,1,"clear",20.055847,31.75,23.999132,5585
"4/10/2012",4,0,2,1,"clear",18.313347,43.5,16.708125,5918
"4/11/2012",4,0,3,1,"clear",14.296536,46.9565,19.783358,4862
"4/12/2012",4,0,4,1,"clear",16.2975,46.625,19.458743,5409
"4/13/2012",4,0,5,1,"clear",18.1425,40.8333,10.416557,6398
"4/14/2012",4,0,6,0,"clear",20.295,50.2917,12.791439,7460
"4/15/2012",4,0,0,0,"clear",24.873347,50.7917,15.083643,7132
"4/16/2012",4,1,1,0,"clear",27.230847,56.1667,19.083543,6370
"4/17/2012",4,0,2,1,"clear",24.941653,39.0417,18.333143,6691
"4/18/2012",4,0,3,1,"cloudy",18.996653,56.9167,11.250104,4367
"4/19/2012",4,0,4,1,"clear",20.431653,61.25,4.4172564,6565
"4/20/2012",4,0,5,1,"clear",21.593347,69.4583,10.041357,7290
"4/21/2012",4,0,6,0,"clear",23.37,68.2917,19.000329,6624
"4/22/2012",4,0,0,0,"wet",16.263347,83.5417,23.084582,1027
"4/23/2012",4,0,1,1,"cloudy",13.188347,76.6667,20.334232,3214
"4/24/2012",4,0,2,1,"clear",16.946653,45.4167,16.708661,5633
"4/25/2012",4,0,3,1,"clear",19.543347,42.7917,7.959064,6196
"4/26/2012",4,0,4,1,"cloudy",20.431653,75.6667,11.833875,5026
"4/27/2012",4,0,5,1,"clear",18.7575,40.0833,23.291411,6233
"4/28/2012",4,0,6,0,"cloudy",15.443347,48.9583,8.708325,4220
"4/29/2012",4,0,0,0,"clear",18.791653,58.7083,7.832836,6304
"4/30/2012",4,0,1,1,"cloudy",19.030847,57,11.499746,5572
"5/1/2012",5,0,2,1,"cloudy",25.146653,65.9583,10.458432,5740
"5/2/2012",5,0,3,1,"clear",23.130847,79.7083,9.249886,6169
"5/3/2012",5,0,4,1,"cloudy",22.96,76.8333,8.957632,6421
"5/4/2012",5,0,5,1,"clear",25.7275,73.5417,10.916846,6296
"5/5/2012",5,0,6,0,"cloudy",25.488347,75.6667,10.250464,6883
"5/6/2012",5,0,0,0,"cloudy",23.0625,74,10.041893,6359
"5/7/2012",5,0,1,1,"cloudy",22.0375,66.4167,15.458307,6273
"5/8/2012",5,0,2,1,"cloudy",23.848347,68.5833,19.833943,5728
"5/9/2012",5,0,3,1,"cloudy",23.575,74.4167,14.499604,4717
"5/10/2012",5,0,4,1,"clear",20.739153,55.2083,21.042221,6572
"5/11/2012",5,0,5,1,"clear",21.866653,36.0417,15.874779,7030
"5/12/2012",5,0,6,0,"clear",23.130847,48.0417,8.249911,7429
"5/13/2012",5,0,0,0,"clear",25.1125,57.625,15.082839,6118
"5/14/2012",5,0,1,1,"cloudy",23.506653,78.9583,14.250364,2843
"5/15/2012",5,0,2,1,"cloudy",25.078347,79.4583,9.875264,5115
"5/16/2012",5,0,3,1,"clear",26.103347,69.7917,8.208304,7424
"5/17/2012",5,0,4,1,"clear",24.326653,52,15.374825,7384
"5/18/2012",5,0,5,1,"clear",23.130847,52.3333,9.166739,7639
"5/19/2012",5,0,6,0,"clear",24.6,45.625,5.626325,8294
"5/20/2012",5,0,0,0,"clear",25.454153,53.0417,17.042589,7129
"5/21/2012",5,0,1,1,"cloudy",24.531653,81.125,15.624668,4359
"5/22/2012",5,0,2,1,"cloudy",25.215,76.5833,7.917189,6073
"5/23/2012",5,0,3,1,"cloudy",25.488347,77.4583,6.834,5260
"5/24/2012",5,0,4,1,"clear",26.855,71.6667,11.584032,6770
"5/25/2012",5,0,5,1,"clear",27.88,74.7083,9.41685,6734
"5/26/2012",5,0,6,0,"clear",28.3925,73.25,13.332464,6536
"5/27/2012",5,0,0,0,"clear",28.29,69.7083,14.416457,6591
"5/28/2012",5,1,1,0,"clear",29.2125,67.625,13.166907,6043
"5/29/2012",5,0,2,1,"clear",29.6225,68.4583,19.7918,5743
"5/30/2012",5,0,3,1,"cloudy",26.923347,67,9.000043,6855
"5/31/2012",5,0,4,1,"clear",27.88,49.2917,13.083693,7338
"6/1/2012",6,0,5,1,"cloudy",26.820847,75.5417,15.916721,4127
"6/2/2012",6,0,6,0,"clear",23.916653,54.9167,12.499654,8120
"6/3/2012",6,0,0,0,"clear",24.7025,49.3333,12.333829,7641
"6/4/2012",6,0,1,1,"clear",24.4975,48.7083,19.083811,6998
"6/5/2012",6,0,2,1,"cloudy",22.174153,61.3333,14.041525,7001
"6/6/2012",6,0,3,1,"clear",22.720847,61.125,5.167375,7055
"6/7/2012",6,0,4,1,"clear",24.7025,56.7083,10.54245,7494
"6/8/2012",6,0,5,1,"clear",26.615847,46.7917,11.750661,7736
"6/9/2012",6,0,6,0,"clear",29.144153,43.7083,9.667229,7498
"6/10/2012",6,0,0,0,"clear",29.793347,53.8333,8.959307,6598
"6/11/2012",6,0,1,1,"cloudy",29.554153,58.7917,13.916771,6664
"6/12/2012",6,0,2,1,"cloudy",26.786653,83.3333,14.374582,4972
"6/13/2012",6,0,3,1,"clear",26.889153,58.2083,22.999693,7421
"6/14/2012",6,0,4,1,"clear",26.581653,56.9583,17.000111,7363
"6/15/2012",6,0,5,1,"clear",26.205847,58.9583,11.833339,7665
"6/16/2012",6,0,6,0,"clear",25.898347,50.4167,11.166689,7702
"6/17/2012",6,0,0,0,"clear",24.2925,59.875,9.708568,6978
"6/18/2012",6,0,1,1,"cloudy",23.301653,77.7917,11.707982,5099
"6/19/2012",6,0,2,1,"clear",28.221653,69,9.917139,6825
"6/20/2012",6,0,3,1,"clear",32.0825,59.2083,7.625404,6211
"6/21/2012",6,0,4,1,"clear",33.039153,56.7917,7.958729,5905
"6/22/2012",6,0,5,1,"clear",31.8775,57.375,12.250414,5823
"6/23/2012",6,0,6,0,"clear",29.998347,53.4583,12.041307,7458
"6/24/2012",6,0,0,0,"clear",30.476653,47.9167,9.750175,6891
"6/25/2012",6,0,1,1,"clear",29.349153,50.4167,20.125661,6779
"6/26/2012",6,0,2,1,"clear",25.864153,37.3333,23.292014,7442
"6/27/2012",6,0,3,1,"clear",28.5975,36,18.208925,7335
"6/28/2012",6,0,4,1,"clear",30.715847,42.25,11.50055,6879
"6/29/2012",6,0,5,1,"clear",34.200847,48.875,11.082939,5463
"6/30/2012",6,0,6,0,"clear",31.365,60.125,10.791757,5687
"7/1/2012",7,0,0,0,"clear",33.449153,51.875,11.291443,5531
"7/2/2012",7,0,1,1,"clear",32.048347,44.7083,13.082889,6227
"7/3/2012",7,0,2,1,"clear",32.014153,49.2083,8.457879,6660
"7/4/2012",7,1,3,0,"clear",32.355847,53.875,9.04165,7403
"7/5/2012",7,0,4,1,"clear",33.9275,45.7917,12.999943,6241
"7/6/2012",7,0,5,1,"clear",33.961653,45.0833,9.791514,6207
"7/7/2012",7,0,6,0,"clear",35.328347,49.2083,10.958118,4840
"7/8/2012",7,0,0,0,"clear",33.7225,57.375,8.417143,4672
"7/9/2012",7,0,1,1,"cloudy",29.144153,68.3333,12.125325,6569
"7/10/2012",7,0,2,1,"cloudy",29.554153,66.75,10.166379,6290
"7/11/2012",7,0,3,1,"clear",29.383347,63.3333,10.166111,7264
"7/12/2012",7,0,4,1,"clear",29.349153,52.9583,9.833925,7446
"7/13/2012",7,0,5,1,"cloudy",29.998347,48.5833,5.41695,7499
"7/14/2012",7,0,6,0,"cloudy",28.836653,69.9167,9.626493,6969
"7/15/2012",7,0,0,0,"clear",30.579153,71.7917,11.166689,6031
"7/16/2012",7,0,1,1,"clear",31.296653,64.5,11.000529,6830
"7/17/2012",7,0,2,1,"clear",33.551653,50.5833,7.666743,6786
"7/18/2012",7,0,3,1,"clear",32.526653,57.7083,9.208614,5713
"7/19/2012",7,0,4,1,"clear",31.57,60.0417,11.083743,6591
"7/20/2012",7,0,5,1,"cloudy",27.299153,84.4167,14.000789,5870
"7/21/2012",7,0,6,0,"wet",24.429153,86.5417,14.2911,4459
"7/22/2012",7,0,0,0,"cloudy",27.3675,76.25,6.2926936,7410
"7/23/2012",7,0,1,1,"clear",30.408347,69.4167,9.291761,6966
"7/24/2012",7,0,2,1,"clear",30.784153,65.5,14.167418,7592
"7/25/2012",7,0,3,1,"clear",29.690847,45,11.0416,8173
"7/26/2012",7,0,4,1,"clear",31.843347,59.6667,19.082471,6861
"7/27/2012",7,0,5,1,"clear",32.048347,59.4583,10.250464,6904
"7/28/2012",7,0,6,0,"clear",30.989153,61.3333,10.54245,6685
"7/29/2012",7,0,0,0,"clear",29.588347,62.375,11.416532,6597
"7/30/2012",7,0,1,1,"clear",29.964153,66.875,10.292339,7105
"7/31/2012",7,0,2,1,"clear",29.246653,70.4167,11.083475,7216
"8/1/2012",8,0,3,1,"clear",29.4175,67.75,9.458993,7580
"8/2/2012",8,0,4,1,"clear",30.8525,65.9583,8.666718,7261
"8/3/2012",8,0,5,1,"cloudy",31.399153,64.25,14.458064,7175
"8/4/2012",8,0,6,0,"clear",32.526653,61.3333,17.249686,6824
"8/5/2012",8,0,0,0,"clear",31.535847,65.25,19.458207,5464
"8/6/2012",8,0,1,1,"cloudy",30.8525,65.4167,8.666718,7013
"8/7/2012",8,0,2,1,"cloudy",30.169153,70.375,7.832836,7273
"8/8/2012",8,0,3,1,"cloudy",30.75,67.2917,7.4169,7534
"8/9/2012",8,0,4,1,"clear",30.989153,62.0417,10.4587,7286
"8/10/2012",8,0,5,1,"cloudy",29.349153,71.5833,16.000471,5786
"8/11/2012",8,0,6,0,"cloudy",28.3925,73.2917,13.834093,6299
"8/12/2012",8,0,0,0,"clear",28.734153,53.0417,8.208304,6544
"8/13/2012",8,0,1,1,"clear",29.554153,54.5417,9.126204,6883
"8/14/2012",8,0,2,1,"clear",29.793347,68.6667,11.333586,6784
"8/15/2012",8,0,3,1,"clear",28.973347,61.9583,11.374657,7347
"8/16/2012",8,0,4,1,"clear",29.485847,51.9167,9.500332,7605
"8/17/2012",8,0,5,1,"clear",29.656653,57.0833,15.500718,7148
"8/18/2012",8,0,6,0,"clear",27.811653,60.3333,11.917089,7865
"8/19/2012",8,0,0,0,"cloudy",26.069153,71.1667,5.79215,4549
"8/20/2012",8,0,1,1,"cloudy",26.069153,73.4167,8.708593,6530
"8/21/2012",8,0,2,1,"clear",26.615847,67.375,4.8756436,7006
"8/22/2012",8,0,3,1,"clear",27.3675,67.7083,4.7089811,7375
"8/23/2012",8,0,4,1,"clear",28.529153,63.5833,5.6679186,7765
"8/24/2012",8,0,5,1,"cloudy",28.8025,61.5,4.8337686,7582
"8/25/2012",8,0,6,0,"cloudy",27.128347,71.2917,16.375336,6053
"8/26/2012",8,0,0,0,"cloudy",26.786653,84.5833,15.333486,5255
"8/27/2012",8,0,1,1,"clear",28.836653,73.0417,8.625111,6917
"8/28/2012",8,0,2,1,"clear",29.861653,62,12.791975,7040
"8/29/2012",8,0,3,1,"clear",28.085,55.2083,7.541654,7697
"8/30/2012",8,0,4,1,"clear",28.973347,59.0417,5.1668189,7713
"8/31/2012",8,0,5,1,"clear",31.330847,58.75,11.291711,7350
"9/1/2012",9,0,6,0,"cloudy",30.886653,63.8333,7.583529,6140
"9/2/2012",9,0,0,0,"cloudy",28.563347,81.5,4.2927436,5810
"9/3/2012",9,1,1,0,"clear",29.0075,79.0833,10.125107,6034
"9/4/2012",9,0,2,1,"clear",29.759153,75.5,15.833507,6864
"9/5/2012",9,0,3,1,"clear",30.203347,74.125,12.583136,7112
"9/6/2012",9,0,4,1,"cloudy",28.563347,81.0417,9.542207,6203
"9/7/2012",9,0,5,1,"clear",28.836653,73.625,11.500282,7504
"9/8/2012",9,0,6,0,"cloudy",27.025847,79.9167,18.833968,5976
"9/9/2012",9,0,0,0,"clear",25.01,54.75,15.041232,8227
"9/10/2012",9,0,1,1,"clear",23.916653,50.375,17.333771,7525
"9/11/2012",9,0,2,1,"clear",23.6775,52,6.1676314,7767
"9/12/2012",9,0,3,1,"clear",24.565847,57.7083,8.833682,7870
"9/13/2012",9,0,4,1,"clear",25.1125,63.7083,5.5422936,7804
"9/14/2012",9,0,5,1,"clear",25.966653,67.25,6.958821,8009
"9/15/2012",9,0,6,0,"clear",24.941653,50.1667,16.583907,8714
"9/16/2012",9,0,0,0,"clear",23.78,57,6.0422811,7333
"9/17/2012",9,0,1,1,"cloudy",23.814153,73.4583,10.166714,6869
"9/18/2012",9,0,2,1,"cloudy",25.556653,87.25,23.958329,4073
"9/19/2012",9,0,3,1,"clear",22.6525,53.6667,14.416725,7591
"9/20/2012",9,0,4,1,"clear",22.413347,61.8333,7.917189,7720
"9/21/2012",9,0,5,1,"clear",24.565847,66.875,10.333343,8167
"9/22/2012",9,0,6,0,"clear",26.65,64.6667,19.000061,8395
"9/23/2012",9,0,0,0,"clear",21.695847,46.7083,14.958286,7907
"9/24/2012",9,0,1,1,"clear",21.080847,49.2917,9.541068,7436
"9/25/2012",9,0,2,1,"clear",22.55,57,15.833507,7538
"9/26/2012",9,0,3,1,"clear",26.035,63.0833,16.3748,7733
"9/27/2012",9,0,4,1,"cloudy",26.65,69.0833,9.000914,7393
"9/28/2012",9,0,5,1,"cloudy",25.385847,69,10.999993,7415
"9/29/2012",9,0,6,0,"clear",22.2425,54.2917,15.249468,8555
"9/30/2012",9,0,0,0,"clear",21.593347,58.3333,9.042186,6889
"10/1/2012",10,0,1,1,"cloudy",21.354153,64.9167,6.0838814,6778
"10/2/2012",10,0,2,1,"wet",24.224153,87.1667,6.999825,4639
"10/3/2012",10,0,3,1,"cloudy",26.9575,79.375,4.4585686,7572
"10/4/2012",10,0,4,1,"cloudy",26.9575,72.2917,7.875582,7328
"10/5/2012",10,0,5,1,"clear",25.215,62.75,7.12545,8156
"10/6/2012",10,0,6,0,"clear",22.720847,66.4167,17.957675,7965
"10/7/2012",10,0,0,0,"cloudy",17.049153,70.8333,9.457854,3510
"10/8/2012",10,1,1,0,"cloudy",15.716653,70.9583,12.708493,5478
"10/9/2012",10,0,2,1,"cloudy",18.313347,76.1667,12.7501,6392
"10/10/2012",10,0,3,1,"clear",21.080847,63.0833,12.584007,7691
"10/11/2012",10,0,4,1,"clear",17.835,46.3333,12.166932,7570
"10/12/2012",10,0,5,1,"clear",17.9375,53.9167,15.751164,7282
"10/13/2012",10,0,6,0,"clear",16.126653,49.4583,9.791514,7109
"10/14/2012",10,0,0,0,"clear",21.388347,64.0417,18.667004,6639
"10/15/2012",10,0,1,1,"cloudy",23.028347,70.75,19.834479,5875
"10/16/2012",10,0,2,1,"clear",19.201653,55.8333,12.208807,7534
"10/17/2012",10,0,3,1,"clear",18.689153,69.2917,6.791857,7461
"10/18/2012",10,0,4,1,"cloudy",21.4225,72.8333,15.874779,7509
"10/19/2012",10,0,5,1,"cloudy",23.096653,81.5,9.041918,5424
"10/20/2012",10,0,6,0,"clear",19.850847,57.2917,7.874979,8090
"10/21/2012",10,0,0,0,"clear",19.030847,51,11.125618,6824
"10/22/2012",10,0,1,1,"clear",19.9875,56.8333,5.4593811,7058
"10/23/2012",10,0,2,1,"clear",22.310847,64.1667,6.3345686,7466
"10/24/2012",10,0,3,1,"clear",24.0875,63.625,4.8762064,7693
"10/25/2012",10,0,4,1,"cloudy",22.55,80.0417,8.333125,7359
"10/26/2012",10,0,5,1,"cloudy",22.379153,80.7083,8.875289,7444
"10/27/2012",10,0,6,0,"cloudy",21.73,72,15.791364,7852
"10/28/2012",10,0,0,0,"cloudy",19.5775,69.4583,26.666536,4459
"10/29/2012",10,0,1,1,"wet",18.04,88,23.9994,22
"10/30/2012",10,0,2,1,"cloudy",13.045462,82.5455,14.271603,1096
"10/31/2012",10,0,3,1,"cloudy",14.6575,66.6667,11.166689,5566
"11/1/2012",11,0,4,1,"cloudy",14.999153,58.1667,10.542182,5986
"11/2/2012",11,0,5,1,"clear",14.555,52.2083,17.833725,5847
"11/3/2012",11,0,6,0,"cloudy",14.076653,49.125,18.125443,5138
"11/4/2012",11,0,0,0,"clear",13.359153,53.2917,12.000236,5107
"11/5/2012",11,0,1,1,"clear",13.085847,49.4167,15.833775,5259
"11/6/2012",11,0,2,1,"clear",11.514153,56.7083,11.625371,5686
"11/7/2012",11,0,3,1,"cloudy",12.129153,54.75,20.375236,5035
"11/8/2012",11,0,4,1,"clear",14.439134,33.3478,23.304945,5315
"11/9/2012",11,0,5,1,"clear",14.828347,54.0833,14.375386,5992
"11/10/2012",11,0,6,0,"clear",15.955847,64.5417,3.8756686,6536
"11/11/2012",11,0,0,0,"clear",17.254153,65.9167,8.5425,6852
"11/12/2012",11,1,1,0,"clear",19.885,74.1667,11.625639,6269
"11/13/2012",11,0,2,1,"cloudy",14.076653,66.2917,22.917082,4094
"11/14/2012",11,0,3,1,"clear",11.855847,55.2083,13.374875,5495
"11/15/2012",11,0,4,1,"cloudy",13.188347,62.0417,10.250129,5445
"11/16/2012",11,0,5,1,"clear",14.145,52.4583,11.458675,5698
"11/17/2012",11,0,6,0,"clear",13.325,54.5417,12.041843,5629
"11/18/2012",11,0,0,0,"clear",14.0425,69.2917,15.250004,4669
"11/19/2012",11,0,1,1,"cloudy",15.614153,62.3333,15.749489,5499
"11/20/2012",11,0,2,1,"cloudy",15.340847,68.5,5.542575,5634
"11/21/2012",11,0,3,1,"clear",14.486653,61.375,6.917482,5146
"11/22/2012",11,1,4,0,"clear",13.94,58.0417,3.5423436,2425
"11/23/2012",11,0,5,1,"clear",15.101653,56.875,9.917407,3910
"11/24/2012",11,0,6,0,"clear",11.411653,40.4583,25.250357,2277
"11/25/2012",11,0,0,0,"clear",10.079153,46.8333,10.0835,2424
"11/26/2012",11,0,1,1,"clear",12.846653,53.5417,3.12555,5087
"11/27/2012",11,0,2,1,"cloudy",11.958347,78.6667,15.916654,3959
"11/28/2012",11,0,3,1,"clear",12.163347,50.625,14.125007,5260
"11/29/2012",11,0,4,1,"clear",11.51567,55.5652,7.739974,5323
"11/30/2012",11,0,5,1,"clear",12.231653,64.9583,3.9175436,5668
"12/1/2012",12,0,6,0,"cloudy",12.231653,80.6667,4.0001814,5191
"12/2/2012",12,0,0,0,"cloudy",14.2475,82.3333,8.333393,4649
"12/3/2012",12,0,1,1,"clear",18.5525,76.75,5.5422936,6234
"12/4/2012",12,0,2,1,"clear",19.509153,73.375,11.666643,6606
"12/5/2012",12,0,3,1,"clear",17.971653,48.5,21.709407,5729
"12/6/2012",12,0,4,1,"clear",10.489153,50.875,11.708518,5375
"12/7/2012",12,0,5,1,"cloudy",13.154153,76.4167,8.7502,5008
"12/8/2012",12,0,6,0,"cloudy",15.648347,91.125,6.792393,5582
"12/9/2012",12,0,0,0,"cloudy",15.750847,90.5417,10.584325,3228
"12/10/2012",12,0,1,1,"cloudy",17.869153,92.5,12.750636,5170
"12/11/2012",12,0,2,1,"cloudy",14.486653,59.6667,19.834479,5501
"12/12/2012",12,0,3,1,"cloudy",12.1975,53.8333,10.916779,5319
"12/13/2012",12,0,4,1,"clear",12.129153,48.5833,11.666643,5532
"12/14/2012",12,0,5,1,"clear",11.548347,64.2917,8.792343,5611
"12/15/2012",12,0,6,0,"clear",13.290847,65.0417,7.12545,5047
"12/16/2012",12,0,0,0,"cloudy",14.8625,83.875,6.749714,3786
"12/17/2012",12,0,1,1,"cloudy",16.126653,90.7083,6.5833061,4585
"12/18/2012",12,0,2,1,"clear",16.844153,66.625,14.834068,5557
"12/19/2012",12,0,3,1,"clear",13.6325,62.5417,12.334164,5267
"12/20/2012",12,0,4,1,"cloudy",13.53,66.7917,8.875021,4128
"12/21/2012",12,0,5,1,"cloudy",13.393347,55.6667,25.083661,3623
"12/22/2012",12,0,6,0,"clear",10.899153,44.125,27.292182,1749
"12/23/2012",12,0,0,0,"clear",10.079153,51.5417,8.916561,1787
"12/24/2012",12,0,1,1,"cloudy",9.483464,79.1304,5.1744368,920
"12/25/2012",12,1,2,0,"cloudy",11.943464,73.4783,11.304642,1013
"12/26/2012",12,0,3,1,"wet",9.976653,82.3333,21.208582,441
"12/27/2012",12,0,4,1,"cloudy",10.420847,65.2917,23.458911,2114
"12/28/2012",12,0,5,1,"cloudy",10.386653,59,10.416557,3095
"12/29/2012",12,0,6,0,"cloudy",10.386653,75.2917,8.333661,1341
"12/30/2012",12,0,0,0,"clear",10.489153,48.3333,23.500518,1796
"12/31/2012",12,0,1,1,"cloudy",8.849153,57.75,10.374682,2729
